date,clones,uniqueCloners,views,uniqueVisitors
2026-07-27,0,0,0,0
2026-07-28,0,0,0,0
2026-07-29,0,0,0,0
2026-07-30,0,0,0,0
2026-07-31,0,0,0,0
2026-08-01,0,0,0,0
2026-08-02,12,1,0,0
2026-08-03,3,1,0,0
2026-08-04,6,1,0,0
2026-08-05,4,2,0,0
2026-08-06,55,10,0,0
2026-08-07,1,1,0,0
2026-08-08,1,1,0,0
2026-08-09,0,0,0,0
2026-08-10,19,8,0,0
2026-08-11,0,0,0,0
2026-08-12,0,0,0,0
2026-08-13,2,2,0,0
2026-08-14,0,0,0,0
2026-08-15,0,0,0,0
2026-08-16,23,5,0,0
2026-08-17,3,2,0,0
2026-08-18,1,1,0,0
2026-08-19,1,1,0,0
2026-08-20,1,1,0,0
2026-08-21,2,2,0,0
2026-08-22,1,1,1,1
2026-08-23,0,0,1,1
2026-08-24,6,5,0,0
2026-08-25,2,2,0,0
2026-08-26,0,0,0,0
2026-08-27,0,0,0,0
2026-08-28,0,0,0,0
2026-08-29,0,0,0,0
2026-08-30,1,1,0,0
2026-08-31,2,1,0,0
2026-09-01,0,0,0,0
2026-09-02,2,2,0,0
